model,layer,n,acc_mean,acc_std,macro_f1_mean,macro_f1_std
glove,,170,0.8352941176470589,0.02352941176470589,0.75024623440115,0.03125950812415327
bert,1.0,170,0.8764705882352942,0.02200974933396437,0.8086639676113361,0.053172355974000586
bert,6.0,170,0.8823529411764705,0.04556450995538138,0.8314446359207499,0.04543859663961929
bert,12.0,170,0.8764705882352942,0.022009749333964365,0.8201231472929587,0.03903523213593191
