transform,k,n_vocab,n_targets,n_eligible,n_hits,rate
raw,10,712,26,26,8,0.3076923076923077
mean_center_l2,10,712,26,26,9,0.34615384615384615
